{"cameraMode":{"drawMode":0,"name":"Shaded","section":"Shading Mode"},"sceneLighting":false,"audioPlay":false,"sceneViewState":{"m_AlwaysRefresh":false,"showFog":true,"showSkybox":true,"showFlares":true,"showImageEffects":true,"showParticleSystems":true,"showVisualEffectGraphs":true,"m_FxEnabled":false},"in2DMode":false,"pivot":{"x":-20.440853118896486,"y":-20.494979858398439,"z":26.015911102294923},"rotation":{"x":0.30890747904777529,"y":-0.29300975799560549,"z":0.10065709799528122,"w":0.8992184996604919},"size":53.05557632446289,"orthographic":false}